DEPADM;DEPBOL;NOMEDEPBOL;CODRMET;REGIAOMETROPOLITANA;SERIE_ANO;COD_PER;PERIODO;CO_COMP;DS_COMP;MEDPROF
1;1;Rede Estadual;1;Região Metropolitana de São Paulo;2º Ano EF;1;MANHÃ;1;LÍNGUA PORTUGUESA;175,8
1;1;Rede Estadual;1;Região Metropolitana de São Paulo;2º Ano EF;1;MANHÃ;2;MATEMÁTICA;167,7
1;1;Rede Estadual;1;Região Metropolitana de São Paulo;2º Ano EF;2;TARDE;1;LÍNGUA PORTUGUESA;171,1
1;1;Rede Estadual;1;Região Metropolitana de São Paulo;2º Ano EF;2;TARDE;2;MATEMÁTICA;163,3
1;1;Rede Estadual;1;Região Metropolitana de São Paulo;2º Ano EF;9;GERAL;1;LÍNGUA PORTUGUESA;172,7
1;1;Rede Estadual;1;Região Metropolitana de São Paulo;2º Ano EF;9;GERAL;2;MATEMÁTICA;164,8
1;1;Rede Estadual;1;Região Metropolitana de São Paulo;5º Ano EF;1;MANHÃ;1;LÍNGUA PORTUGUESA;200,2
1;1;Rede Estadual;1;Região Metropolitana de São Paulo;5º Ano EF;1;MANHÃ;2;MATEMÁTICA;214,1
1;1;Rede Estadual;1;Região Metropolitana de São Paulo;5º Ano EF;2;TARDE;1;LÍNGUA PORTUGUESA;197,2
1;1;Rede Estadual;1;Região Metropolitana de São Paulo;5º Ano EF;2;TARDE;2;MATEMÁTICA;210,4
1;1;Rede Estadual;1;Região Metropolitana de São Paulo;5º Ano EF;9;GERAL;1;LÍNGUA PORTUGUESA;199,2
1;1;Rede Estadual;1;Região Metropolitana de São Paulo;5º Ano EF;9;GERAL;2;MATEMÁTICA;212,9
1;1;Rede Estadual;1;Região Metropolitana de São Paulo;9º Ano EF;1;MANHÃ;1;LÍNGUA PORTUGUESA;232,2
1;1;Rede Estadual;1;Região Metropolitana de São Paulo;9º Ano EF;1;MANHÃ;2;MATEMÁTICA;243,4
1;1;Rede Estadual;1;Região Metropolitana de São Paulo;9º Ano EF;2;TARDE;1;LÍNGUA PORTUGUESA;231
1;1;Rede Estadual;1;Região Metropolitana de São Paulo;9º Ano EF;2;TARDE;2;MATEMÁTICA;240,2
1;1;Rede Estadual;1;Região Metropolitana de São Paulo;9º Ano EF;9;GERAL;1;LÍNGUA PORTUGUESA;231,9
1;1;Rede Estadual;1;Região Metropolitana de São Paulo;9º Ano EF;9;GERAL;2;MATEMÁTICA;242,7
1;1;Rede Estadual;2;Região Metropolitana da Baixada Santista;2º Ano EF;1;MANHÃ;1;LÍNGUA PORTUGUESA;164
1;1;Rede Estadual;2;Região Metropolitana da Baixada Santista;2º Ano EF;1;MANHÃ;2;MATEMÁTICA;157,7
1;1;Rede Estadual;2;Região Metropolitana da Baixada Santista;2º Ano EF;2;TARDE;1;LÍNGUA PORTUGUESA;161,9
1;1;Rede Estadual;2;Região Metropolitana da Baixada Santista;2º Ano EF;2;TARDE;2;MATEMÁTICA;154,1
1;1;Rede Estadual;2;Região Metropolitana da Baixada Santista;2º Ano EF;9;GERAL;1;LÍNGUA PORTUGUESA;162,1
1;1;Rede Estadual;2;Região Metropolitana da Baixada Santista;2º Ano EF;9;GERAL;2;MATEMÁTICA;154,6
1;1;Rede Estadual;2;Região Metropolitana da Baixada Santista;5º Ano EF;1;MANHÃ;1;LÍNGUA PORTUGUESA;184,4
1;1;Rede Estadual;2;Região Metropolitana da Baixada Santista;5º Ano EF;1;MANHÃ;2;MATEMÁTICA;196,9
1;1;Rede Estadual;2;Região Metropolitana da Baixada Santista;5º Ano EF;2;TARDE;1;LÍNGUA PORTUGUESA;202,7
1;1;Rede Estadual;2;Região Metropolitana da Baixada Santista;5º Ano EF;2;TARDE;2;MATEMÁTICA;214,1
1;1;Rede Estadual;2;Região Metropolitana da Baixada Santista;5º Ano EF;9;GERAL;1;LÍNGUA PORTUGUESA;189,1
1;1;Rede Estadual;2;Região Metropolitana da Baixada Santista;5º Ano EF;9;GERAL;2;MATEMÁTICA;201,4
1;1;Rede Estadual;2;Região Metropolitana da Baixada Santista;9º Ano EF;1;MANHÃ;1;LÍNGUA PORTUGUESA;232,1
1;1;Rede Estadual;2;Região Metropolitana da Baixada Santista;9º Ano EF;1;MANHÃ;2;MATEMÁTICA;244,4
1;1;Rede Estadual;2;Região Metropolitana da Baixada Santista;9º Ano EF;2;TARDE;1;LÍNGUA PORTUGUESA;231,4
1;1;Rede Estadual;2;Região Metropolitana da Baixada Santista;9º Ano EF;2;TARDE;2;MATEMÁTICA;239,1
1;1;Rede Estadual;2;Região Metropolitana da Baixada Santista;9º Ano EF;9;GERAL;1;LÍNGUA PORTUGUESA;231,9
1;1;Rede Estadual;2;Região Metropolitana da Baixada Santista;9º Ano EF;9;GERAL;2;MATEMÁTICA;242,9
1;1;Rede Estadual;3;Região Metropolitana de Campinas;2º Ano EF;1;MANHÃ;1;LÍNGUA PORTUGUESA;182,9
1;1;Rede Estadual;3;Região Metropolitana de Campinas;2º Ano EF;1;MANHÃ;2;MATEMÁTICA;176,7
1;1;Rede Estadual;3;Região Metropolitana de Campinas;2º Ano EF;2;TARDE;1;LÍNGUA PORTUGUESA;180,6
1;1;Rede Estadual;3;Região Metropolitana de Campinas;2º Ano EF;2;TARDE;2;MATEMÁTICA;173,4
1;1;Rede Estadual;3;Região Metropolitana de Campinas;2º Ano EF;9;GERAL;1;LÍNGUA PORTUGUESA;181,6
1;1;Rede Estadual;3;Região Metropolitana de Campinas;2º Ano EF;9;GERAL;2;MATEMÁTICA;174,8
1;1;Rede Estadual;3;Região Metropolitana de Campinas;5º Ano EF;1;MANHÃ;1;LÍNGUA PORTUGUESA;204,1
1;1;Rede Estadual;3;Região Metropolitana de Campinas;5º Ano EF;1;MANHÃ;2;MATEMÁTICA;219
1;1;Rede Estadual;3;Região Metropolitana de Campinas;5º Ano EF;2;TARDE;1;LÍNGUA PORTUGUESA;198
1;1;Rede Estadual;3;Região Metropolitana de Campinas;5º Ano EF;2;TARDE;2;MATEMÁTICA;213,4
1;1;Rede Estadual;3;Região Metropolitana de Campinas;5º Ano EF;9;GERAL;1;LÍNGUA PORTUGUESA;202
1;1;Rede Estadual;3;Região Metropolitana de Campinas;5º Ano EF;9;GERAL;2;MATEMÁTICA;217,1
1;1;Rede Estadual;3;Região Metropolitana de Campinas;9º Ano EF;1;MANHÃ;1;LÍNGUA PORTUGUESA;238,1
1;1;Rede Estadual;3;Região Metropolitana de Campinas;9º Ano EF;1;MANHÃ;2;MATEMÁTICA;249,6
1;1;Rede Estadual;3;Região Metropolitana de Campinas;9º Ano EF;2;TARDE;1;LÍNGUA PORTUGUESA;234,7
1;1;Rede Estadual;3;Região Metropolitana de Campinas;9º Ano EF;2;TARDE;2;MATEMÁTICA;245,8
1;1;Rede Estadual;3;Região Metropolitana de Campinas;9º Ano EF;3;NOITE;1;LÍNGUA PORTUGUESA;207,6
1;1;Rede Estadual;3;Região Metropolitana de Campinas;9º Ano EF;3;NOITE;2;MATEMÁTICA;227,5
1;1;Rede Estadual;3;Região Metropolitana de Campinas;9º Ano EF;9;GERAL;1;LÍNGUA PORTUGUESA;237
1;1;Rede Estadual;3;Região Metropolitana de Campinas;9º Ano EF;9;GERAL;2;MATEMÁTICA;248,6
1;1;Rede Estadual;4;Região Metropolitana do Vale do Paraíba e Litoral Norte;2º Ano EF;1;MANHÃ;1;LÍNGUA PORTUGUESA;166,2
1;1;Rede Estadual;4;Região Metropolitana do Vale do Paraíba e Litoral Norte;2º Ano EF;1;MANHÃ;2;MATEMÁTICA;156,6
1;1;Rede Estadual;4;Região Metropolitana do Vale do Paraíba e Litoral Norte;2º Ano EF;2;TARDE;1;LÍNGUA PORTUGUESA;177,6
1;1;Rede Estadual;4;Região Metropolitana do Vale do Paraíba e Litoral Norte;2º Ano EF;2;TARDE;2;MATEMÁTICA;168,8
1;1;Rede Estadual;4;Região Metropolitana do Vale do Paraíba e Litoral Norte;2º Ano EF;9;GERAL;1;LÍNGUA PORTUGUESA;176,6
1;1;Rede Estadual;4;Região Metropolitana do Vale do Paraíba e Litoral Norte;2º Ano EF;9;GERAL;2;MATEMÁTICA;167,7
1;1;Rede Estadual;4;Região Metropolitana do Vale do Paraíba e Litoral Norte;5º Ano EF;1;MANHÃ;1;LÍNGUA PORTUGUESA;213,1
1;1;Rede Estadual;4;Região Metropolitana do Vale do Paraíba e Litoral Norte;5º Ano EF;1;MANHÃ;2;MATEMÁTICA;233,9
1;1;Rede Estadual;4;Região Metropolitana do Vale do Paraíba e Litoral Norte;5º Ano EF;2;TARDE;1;LÍNGUA PORTUGUESA;206,7
1;1;Rede Estadual;4;Região Metropolitana do Vale do Paraíba e Litoral Norte;5º Ano EF;2;TARDE;2;MATEMÁTICA;222,1
1;1;Rede Estadual;4;Região Metropolitana do Vale do Paraíba e Litoral Norte;5º Ano EF;9;GERAL;1;LÍNGUA PORTUGUESA;207,8
1;1;Rede Estadual;4;Região Metropolitana do Vale do Paraíba e Litoral Norte;5º Ano EF;9;GERAL;2;MATEMÁTICA;224,1
1;1;Rede Estadual;4;Região Metropolitana do Vale do Paraíba e Litoral Norte;9º Ano EF;1;MANHÃ;1;LÍNGUA PORTUGUESA;237,6
1;1;Rede Estadual;4;Região Metropolitana do Vale do Paraíba e Litoral Norte;9º Ano EF;1;MANHÃ;2;MATEMÁTICA;249,9
1;1;Rede Estadual;4;Região Metropolitana do Vale do Paraíba e Litoral Norte;9º Ano EF;2;TARDE;1;LÍNGUA PORTUGUESA;234,6
1;1;Rede Estadual;4;Região Metropolitana do Vale do Paraíba e Litoral Norte;9º Ano EF;2;TARDE;2;MATEMÁTICA;246,5
1;1;Rede Estadual;4;Região Metropolitana do Vale do Paraíba e Litoral Norte;9º Ano EF;9;GERAL;1;LÍNGUA PORTUGUESA;237,1
1;1;Rede Estadual;4;Região Metropolitana do Vale do Paraíba e Litoral Norte;9º Ano EF;9;GERAL;2;MATEMÁTICA;249,3
1;1;Rede Estadual;5;Interior;2º Ano EF;1;MANHÃ;1;LÍNGUA PORTUGUESA;188,8
1;1;Rede Estadual;5;Interior;2º Ano EF;1;MANHÃ;2;MATEMÁTICA;184,2
1;1;Rede Estadual;5;Interior;2º Ano EF;2;TARDE;1;LÍNGUA PORTUGUESA;181,8
1;1;Rede Estadual;5;Interior;2º Ano EF;2;TARDE;2;MATEMÁTICA;174,9
1;1;Rede Estadual;5;Interior;2º Ano EF;9;GERAL;1;LÍNGUA PORTUGUESA;185,6
1;1;Rede Estadual;5;Interior;2º Ano EF;9;GERAL;2;MATEMÁTICA;179,9
1;1;Rede Estadual;5;Interior;5º Ano EF;1;MANHÃ;1;LÍNGUA PORTUGUESA;210,8
1;1;Rede Estadual;5;Interior;5º Ano EF;1;MANHÃ;2;MATEMÁTICA;230,8
1;1;Rede Estadual;5;Interior;5º Ano EF;2;TARDE;1;LÍNGUA PORTUGUESA;208
1;1;Rede Estadual;5;Interior;5º Ano EF;2;TARDE;2;MATEMÁTICA;226,1
1;1;Rede Estadual;5;Interior;5º Ano EF;9;GERAL;1;LÍNGUA PORTUGUESA;210
1;1;Rede Estadual;5;Interior;5º Ano EF;9;GERAL;2;MATEMÁTICA;229,4
1;1;Rede Estadual;5;Interior;9º Ano EF;1;MANHÃ;1;LÍNGUA PORTUGUESA;237,9
1;1;Rede Estadual;5;Interior;9º Ano EF;1;MANHÃ;2;MATEMÁTICA;251,7
1;1;Rede Estadual;5;Interior;9º Ano EF;2;TARDE;1;LÍNGUA PORTUGUESA;232,6
1;1;Rede Estadual;5;Interior;9º Ano EF;2;TARDE;2;MATEMÁTICA;244,9
1;1;Rede Estadual;5;Interior;9º Ano EF;9;GERAL;1;LÍNGUA PORTUGUESA;237,3
1;1;Rede Estadual;5;Interior;9º Ano EF;9;GERAL;2;MATEMÁTICA;250,8
1;1;Rede Estadual;6;Região Metropolitana de Ribeirão Preto;2º Ano EF;1;MANHÃ;1;LÍNGUA PORTUGUESA;172
1;1;Rede Estadual;6;Região Metropolitana de Ribeirão Preto;2º Ano EF;1;MANHÃ;2;MATEMÁTICA;164,1
1;1;Rede Estadual;6;Região Metropolitana de Ribeirão Preto;2º Ano EF;2;TARDE;1;LÍNGUA PORTUGUESA;169,4
1;1;Rede Estadual;6;Região Metropolitana de Ribeirão Preto;2º Ano EF;2;TARDE;2;MATEMÁTICA;162,3
1;1;Rede Estadual;6;Região Metropolitana de Ribeirão Preto;2º Ano EF;9;GERAL;1;LÍNGUA PORTUGUESA;170,5
1;1;Rede Estadual;6;Região Metropolitana de Ribeirão Preto;2º Ano EF;9;GERAL;2;MATEMÁTICA;163
1;1;Rede Estadual;6;Região Metropolitana de Ribeirão Preto;5º Ano EF;1;MANHÃ;1;LÍNGUA PORTUGUESA;203,1
1;1;Rede Estadual;6;Região Metropolitana de Ribeirão Preto;5º Ano EF;1;MANHÃ;2;MATEMÁTICA;219,9
1;1;Rede Estadual;6;Região Metropolitana de Ribeirão Preto;5º Ano EF;2;TARDE;1;LÍNGUA PORTUGUESA;191,3
1;1;Rede Estadual;6;Região Metropolitana de Ribeirão Preto;5º Ano EF;2;TARDE;2;MATEMÁTICA;206,9
1;1;Rede Estadual;6;Região Metropolitana de Ribeirão Preto;5º Ano EF;9;GERAL;1;LÍNGUA PORTUGUESA;198,3
1;1;Rede Estadual;6;Região Metropolitana de Ribeirão Preto;5º Ano EF;9;GERAL;2;MATEMÁTICA;214,6
1;1;Rede Estadual;6;Região Metropolitana de Ribeirão Preto;9º Ano EF;1;MANHÃ;1;LÍNGUA PORTUGUESA;229,8
1;1;Rede Estadual;6;Região Metropolitana de Ribeirão Preto;9º Ano EF;1;MANHÃ;2;MATEMÁTICA;244,4
1;1;Rede Estadual;6;Região Metropolitana de Ribeirão Preto;9º Ano EF;2;TARDE;1;LÍNGUA PORTUGUESA;228,4
1;1;Rede Estadual;6;Região Metropolitana de Ribeirão Preto;9º Ano EF;2;TARDE;2;MATEMÁTICA;243,1
1;1;Rede Estadual;6;Região Metropolitana de Ribeirão Preto;9º Ano EF;9;GERAL;1;LÍNGUA PORTUGUESA;229,5
1;1;Rede Estadual;6;Região Metropolitana de Ribeirão Preto;9º Ano EF;9;GERAL;2;MATEMÁTICA;244,1
1;1;Rede Estadual;7;Região Metropolitana de Sorocaba;2º Ano EF;1;MANHÃ;1;LÍNGUA PORTUGUESA;185,3
1;1;Rede Estadual;7;Região Metropolitana de Sorocaba;2º Ano EF;1;MANHÃ;2;MATEMÁTICA;178,6
1;1;Rede Estadual;7;Região Metropolitana de Sorocaba;2º Ano EF;2;TARDE;1;LÍNGUA PORTUGUESA;173,4
1;1;Rede Estadual;7;Região Metropolitana de Sorocaba;2º Ano EF;2;TARDE;2;MATEMÁTICA;165,1
1;1;Rede Estadual;7;Região Metropolitana de Sorocaba;2º Ano EF;9;GERAL;1;LÍNGUA PORTUGUESA;175,9
1;1;Rede Estadual;7;Região Metropolitana de Sorocaba;2º Ano EF;9;GERAL;2;MATEMÁTICA;167,9
1;1;Rede Estadual;7;Região Metropolitana de Sorocaba;5º Ano EF;1;MANHÃ;1;LÍNGUA PORTUGUESA;210,4
1;1;Rede Estadual;7;Região Metropolitana de Sorocaba;5º Ano EF;1;MANHÃ;2;MATEMÁTICA;225,7
1;1;Rede Estadual;7;Região Metropolitana de Sorocaba;5º Ano EF;2;TARDE;1;LÍNGUA PORTUGUESA;198,2
1;1;Rede Estadual;7;Região Metropolitana de Sorocaba;5º Ano EF;2;TARDE;2;MATEMÁTICA;212
1;1;Rede Estadual;7;Região Metropolitana de Sorocaba;5º Ano EF;9;GERAL;1;LÍNGUA PORTUGUESA;208,2
1;1;Rede Estadual;7;Região Metropolitana de Sorocaba;5º Ano EF;9;GERAL;2;MATEMÁTICA;223,3
1;1;Rede Estadual;7;Região Metropolitana de Sorocaba;9º Ano EF;1;MANHÃ;1;LÍNGUA PORTUGUESA;240,6
1;1;Rede Estadual;7;Região Metropolitana de Sorocaba;9º Ano EF;1;MANHÃ;2;MATEMÁTICA;251,5
1;1;Rede Estadual;7;Região Metropolitana de Sorocaba;9º Ano EF;2;TARDE;1;LÍNGUA PORTUGUESA;236
1;1;Rede Estadual;7;Região Metropolitana de Sorocaba;9º Ano EF;2;TARDE;2;MATEMÁTICA;244,5
1;1;Rede Estadual;7;Região Metropolitana de Sorocaba;9º Ano EF;9;GERAL;1;LÍNGUA PORTUGUESA;240,3
1;1;Rede Estadual;7;Região Metropolitana de Sorocaba;9º Ano EF;9;GERAL;2;MATEMÁTICA;251,1
1;1;Rede Estadual;9;ESTADO;2º Ano EF;1;MANHÃ;1;LÍNGUA PORTUGUESA;178,6
1;1;Rede Estadual;9;ESTADO;2º Ano EF;1;MANHÃ;2;MATEMÁTICA;171,3
1;1;Rede Estadual;9;ESTADO;2º Ano EF;2;TARDE;1;LÍNGUA PORTUGUESA;172,6
1;1;Rede Estadual;9;ESTADO;2º Ano EF;2;TARDE;2;MATEMÁTICA;164,9
1;1;Rede Estadual;9;ESTADO;2º Ano EF;9;GERAL;1;LÍNGUA PORTUGUESA;174,8
1;1;Rede Estadual;9;ESTADO;2º Ano EF;9;GERAL;2;MATEMÁTICA;167,2
1;1;Rede Estadual;9;ESTADO;5º Ano EF;1;MANHÃ;1;LÍNGUA PORTUGUESA;201,9
1;1;Rede Estadual;9;ESTADO;5º Ano EF;1;MANHÃ;2;MATEMÁTICA;216,8
1;1;Rede Estadual;9;ESTADO;5º Ano EF;2;TARDE;1;LÍNGUA PORTUGUESA;198,6
1;1;Rede Estadual;9;ESTADO;5º Ano EF;2;TARDE;2;MATEMÁTICA;212,6
1;1;Rede Estadual;9;ESTADO;5º Ano EF;9;GERAL;1;LÍNGUA PORTUGUESA;200,8
1;1;Rede Estadual;9;ESTADO;5º Ano EF;9;GERAL;2;MATEMÁTICA;215,4
1;1;Rede Estadual;9;ESTADO;9º Ano EF;1;MANHÃ;1;LÍNGUA PORTUGUESA;235,1
1;1;Rede Estadual;9;ESTADO;9º Ano EF;1;MANHÃ;2;MATEMÁTICA;247,3
1;1;Rede Estadual;9;ESTADO;9º Ano EF;2;TARDE;1;LÍNGUA PORTUGUESA;231,7
1;1;Rede Estadual;9;ESTADO;9º Ano EF;2;TARDE;2;MATEMÁTICA;241,9
1;1;Rede Estadual;9;ESTADO;9º Ano EF;3;NOITE;1;LÍNGUA PORTUGUESA;207,6
1;1;Rede Estadual;9;ESTADO;9º Ano EF;3;NOITE;2;MATEMÁTICA;227,5
1;1;Rede Estadual;9;ESTADO;9º Ano EF;9;GERAL;1;LÍNGUA PORTUGUESA;234,4
1;1;Rede Estadual;9;ESTADO;9º Ano EF;9;GERAL;2;MATEMÁTICA;246,3
2;2;Rede Municipal;1;Região Metropolitana de São Paulo;2º Ano EF;1;MANHÃ;1;LÍNGUA PORTUGUESA;163,4
2;2;Rede Municipal;1;Região Metropolitana de São Paulo;2º Ano EF;1;MANHÃ;2;MATEMÁTICA;157,3
2;2;Rede Municipal;1;Região Metropolitana de São Paulo;2º Ano EF;2;TARDE;1;LÍNGUA PORTUGUESA;162,9
2;2;Rede Municipal;1;Região Metropolitana de São Paulo;2º Ano EF;2;TARDE;2;MATEMÁTICA;156,4
2;2;Rede Municipal;1;Região Metropolitana de São Paulo;2º Ano EF;9;GERAL;1;LÍNGUA PORTUGUESA;163,1
2;2;Rede Municipal;1;Região Metropolitana de São Paulo;2º Ano EF;9;GERAL;2;MATEMÁTICA;156,7
2;2;Rede Municipal;1;Região Metropolitana de São Paulo;5º Ano EF;1;MANHÃ;1;LÍNGUA PORTUGUESA;194,5
2;2;Rede Municipal;1;Região Metropolitana de São Paulo;5º Ano EF;1;MANHÃ;2;MATEMÁTICA;205,6
2;2;Rede Municipal;1;Região Metropolitana de São Paulo;5º Ano EF;2;TARDE;1;LÍNGUA PORTUGUESA;195,3
2;2;Rede Municipal;1;Região Metropolitana de São Paulo;5º Ano EF;2;TARDE;2;MATEMÁTICA;206,5
2;2;Rede Municipal;1;Região Metropolitana de São Paulo;5º Ano EF;9;GERAL;1;LÍNGUA PORTUGUESA;194,8
2;2;Rede Municipal;1;Região Metropolitana de São Paulo;5º Ano EF;9;GERAL;2;MATEMÁTICA;206
2;2;Rede Municipal;1;Região Metropolitana de São Paulo;9º Ano EF;1;MANHÃ;1;LÍNGUA PORTUGUESA;242,6
2;2;Rede Municipal;1;Região Metropolitana de São Paulo;9º Ano EF;1;MANHÃ;2;MATEMÁTICA;249,3
2;2;Rede Municipal;1;Região Metropolitana de São Paulo;9º Ano EF;2;TARDE;1;LÍNGUA PORTUGUESA;238,5
2;2;Rede Municipal;1;Região Metropolitana de São Paulo;9º Ano EF;2;TARDE;2;MATEMÁTICA;242,7
2;2;Rede Municipal;1;Região Metropolitana de São Paulo;9º Ano EF;9;GERAL;1;LÍNGUA PORTUGUESA;241,7
2;2;Rede Municipal;1;Região Metropolitana de São Paulo;9º Ano EF;9;GERAL;2;MATEMÁTICA;247,9
2;2;Rede Municipal;2;Região Metropolitana da Baixada Santista;2º Ano EF;1;MANHÃ;1;LÍNGUA PORTUGUESA;169
2;2;Rede Municipal;2;Região Metropolitana da Baixada Santista;2º Ano EF;1;MANHÃ;2;MATEMÁTICA;162,7
2;2;Rede Municipal;2;Região Metropolitana da Baixada Santista;2º Ano EF;2;TARDE;1;LÍNGUA PORTUGUESA;169
2;2;Rede Municipal;2;Região Metropolitana da Baixada Santista;2º Ano EF;2;TARDE;2;MATEMÁTICA;161,1
2;2;Rede Municipal;2;Região Metropolitana da Baixada Santista;2º Ano EF;9;GERAL;1;LÍNGUA PORTUGUESA;169
2;2;Rede Municipal;2;Região Metropolitana da Baixada Santista;2º Ano EF;9;GERAL;2;MATEMÁTICA;161,7
2;2;Rede Municipal;2;Região Metropolitana da Baixada Santista;5º Ano EF;1;MANHÃ;1;LÍNGUA PORTUGUESA;194,6
2;2;Rede Municipal;2;Região Metropolitana da Baixada Santista;5º Ano EF;1;MANHÃ;2;MATEMÁTICA;205,1
2;2;Rede Municipal;2;Região Metropolitana da Baixada Santista;5º Ano EF;2;TARDE;1;LÍNGUA PORTUGUESA;193,5
2;2;Rede Municipal;2;Região Metropolitana da Baixada Santista;5º Ano EF;2;TARDE;2;MATEMÁTICA;204,9
2;2;Rede Municipal;2;Região Metropolitana da Baixada Santista;5º Ano EF;9;GERAL;1;LÍNGUA PORTUGUESA;194,4
2;2;Rede Municipal;2;Região Metropolitana da Baixada Santista;5º Ano EF;9;GERAL;2;MATEMÁTICA;205
2;2;Rede Municipal;3;Região Metropolitana de Campinas;2º Ano EF;1;MANHÃ;1;LÍNGUA PORTUGUESA;174,2
2;2;Rede Municipal;3;Região Metropolitana de Campinas;2º Ano EF;1;MANHÃ;2;MATEMÁTICA;167,7
2;2;Rede Municipal;3;Região Metropolitana de Campinas;2º Ano EF;2;TARDE;1;LÍNGUA PORTUGUESA;175,7
2;2;Rede Municipal;3;Região Metropolitana de Campinas;2º Ano EF;2;TARDE;2;MATEMÁTICA;169,2
2;2;Rede Municipal;3;Região Metropolitana de Campinas;2º Ano EF;9;GERAL;1;LÍNGUA PORTUGUESA;175
2;2;Rede Municipal;3;Região Metropolitana de Campinas;2º Ano EF;9;GERAL;2;MATEMÁTICA;168,5
2;2;Rede Municipal;3;Região Metropolitana de Campinas;5º Ano EF;1;MANHÃ;1;LÍNGUA PORTUGUESA;206,3
2;2;Rede Municipal;3;Região Metropolitana de Campinas;5º Ano EF;1;MANHÃ;2;MATEMÁTICA;220,7
2;2;Rede Municipal;3;Região Metropolitana de Campinas;5º Ano EF;2;TARDE;1;LÍNGUA PORTUGUESA;209,8
2;2;Rede Municipal;3;Região Metropolitana de Campinas;5º Ano EF;2;TARDE;2;MATEMÁTICA;223
2;2;Rede Municipal;3;Região Metropolitana de Campinas;5º Ano EF;9;GERAL;1;LÍNGUA PORTUGUESA;207,6
2;2;Rede Municipal;3;Região Metropolitana de Campinas;5º Ano EF;9;GERAL;2;MATEMÁTICA;221,6
2;2;Rede Municipal;3;Região Metropolitana de Campinas;9º Ano EF;1;MANHÃ;1;LÍNGUA PORTUGUESA;0
2;2;Rede Municipal;3;Região Metropolitana de Campinas;9º Ano EF;1;MANHÃ;2;MATEMÁTICA;0
2;2;Rede Municipal;3;Região Metropolitana de Campinas;9º Ano EF;2;TARDE;1;LÍNGUA PORTUGUESA;0
2;2;Rede Municipal;3;Região Metropolitana de Campinas;9º Ano EF;2;TARDE;2;MATEMÁTICA;0
2;2;Rede Municipal;3;Região Metropolitana de Campinas;9º Ano EF;9;GERAL;1;LÍNGUA PORTUGUESA;0
2;2;Rede Municipal;3;Região Metropolitana de Campinas;9º Ano EF;9;GERAL;2;MATEMÁTICA;0
2;2;Rede Municipal;4;Região Metropolitana do Vale do Paraíba e Litoral Norte;2º Ano EF;1;MANHÃ;1;LÍNGUA PORTUGUESA;168
2;2;Rede Municipal;4;Região Metropolitana do Vale do Paraíba e Litoral Norte;2º Ano EF;1;MANHÃ;2;MATEMÁTICA;161,4
2;2;Rede Municipal;4;Região Metropolitana do Vale do Paraíba e Litoral Norte;2º Ano EF;2;TARDE;1;LÍNGUA PORTUGUESA;170,6
2;2;Rede Municipal;4;Região Metropolitana do Vale do Paraíba e Litoral Norte;2º Ano EF;2;TARDE;2;MATEMÁTICA;164,1
2;2;Rede Municipal;4;Região Metropolitana do Vale do Paraíba e Litoral Norte;2º Ano EF;9;GERAL;1;LÍNGUA PORTUGUESA;169,7
2;2;Rede Municipal;4;Região Metropolitana do Vale do Paraíba e Litoral Norte;2º Ano EF;9;GERAL;2;MATEMÁTICA;163,2
2;2;Rede Municipal;4;Região Metropolitana do Vale do Paraíba e Litoral Norte;5º Ano EF;1;MANHÃ;1;LÍNGUA PORTUGUESA;199,2
2;2;Rede Municipal;4;Região Metropolitana do Vale do Paraíba e Litoral Norte;5º Ano EF;1;MANHÃ;2;MATEMÁTICA;213,3
2;2;Rede Municipal;4;Região Metropolitana do Vale do Paraíba e Litoral Norte;5º Ano EF;2;TARDE;1;LÍNGUA PORTUGUESA;204,8
2;2;Rede Municipal;4;Região Metropolitana do Vale do Paraíba e Litoral Norte;5º Ano EF;2;TARDE;2;MATEMÁTICA;221,1
2;2;Rede Municipal;4;Região Metropolitana do Vale do Paraíba e Litoral Norte;5º Ano EF;9;GERAL;1;LÍNGUA PORTUGUESA;201,6
2;2;Rede Municipal;4;Região Metropolitana do Vale do Paraíba e Litoral Norte;5º Ano EF;9;GERAL;2;MATEMÁTICA;216,7
2;2;Rede Municipal;4;Região Metropolitana do Vale do Paraíba e Litoral Norte;9º Ano EF;1;MANHÃ;1;LÍNGUA PORTUGUESA;247,3
2;2;Rede Municipal;4;Região Metropolitana do Vale do Paraíba e Litoral Norte;9º Ano EF;1;MANHÃ;2;MATEMÁTICA;260,3
2;2;Rede Municipal;4;Região Metropolitana do Vale do Paraíba e Litoral Norte;9º Ano EF;2;TARDE;1;LÍNGUA PORTUGUESA;232,3
2;2;Rede Municipal;4;Região Metropolitana do Vale do Paraíba e Litoral Norte;9º Ano EF;2;TARDE;2;MATEMÁTICA;242,2
2;2;Rede Municipal;4;Região Metropolitana do Vale do Paraíba e Litoral Norte;9º Ano EF;9;GERAL;1;LÍNGUA PORTUGUESA;246
2;2;Rede Municipal;4;Região Metropolitana do Vale do Paraíba e Litoral Norte;9º Ano EF;9;GERAL;2;MATEMÁTICA;258,7
2;2;Rede Municipal;5;Interior;2º Ano EF;1;MANHÃ;1;LÍNGUA PORTUGUESA;180,7
2;2;Rede Municipal;5;Interior;2º Ano EF;1;MANHÃ;2;MATEMÁTICA;175,9
2;2;Rede Municipal;5;Interior;2º Ano EF;2;TARDE;1;LÍNGUA PORTUGUESA;178,3
2;2;Rede Municipal;5;Interior;2º Ano EF;2;TARDE;2;MATEMÁTICA;172,7
2;2;Rede Municipal;5;Interior;2º Ano EF;9;GERAL;1;LÍNGUA PORTUGUESA;179,5
2;2;Rede Municipal;5;Interior;2º Ano EF;9;GERAL;2;MATEMÁTICA;174,3
2;2;Rede Municipal;5;Interior;5º Ano EF;1;MANHÃ;1;LÍNGUA PORTUGUESA;206
2;2;Rede Municipal;5;Interior;5º Ano EF;1;MANHÃ;2;MATEMÁTICA;223,2
2;2;Rede Municipal;5;Interior;5º Ano EF;2;TARDE;1;LÍNGUA PORTUGUESA;202,8
2;2;Rede Municipal;5;Interior;5º Ano EF;2;TARDE;2;MATEMÁTICA;220,1
2;2;Rede Municipal;5;Interior;5º Ano EF;9;GERAL;1;LÍNGUA PORTUGUESA;205
2;2;Rede Municipal;5;Interior;5º Ano EF;9;GERAL;2;MATEMÁTICA;222,2
2;2;Rede Municipal;5;Interior;9º Ano EF;1;MANHÃ;1;LÍNGUA PORTUGUESA;240,1
2;2;Rede Municipal;5;Interior;9º Ano EF;1;MANHÃ;2;MATEMÁTICA;253,7
2;2;Rede Municipal;5;Interior;9º Ano EF;2;TARDE;1;LÍNGUA PORTUGUESA;242,5
2;2;Rede Municipal;5;Interior;9º Ano EF;2;TARDE;2;MATEMÁTICA;261,6
2;2;Rede Municipal;5;Interior;9º Ano EF;3;NOITE;1;LÍNGUA PORTUGUESA;0
2;2;Rede Municipal;5;Interior;9º Ano EF;3;NOITE;2;MATEMÁTICA;0
2;2;Rede Municipal;5;Interior;9º Ano EF;9;GERAL;1;LÍNGUA PORTUGUESA;240,5
2;2;Rede Municipal;5;Interior;9º Ano EF;9;GERAL;2;MATEMÁTICA;255
2;2;Rede Municipal;6;Região Metropolitana de Ribeirão Preto;2º Ano EF;1;MANHÃ;1;LÍNGUA PORTUGUESA;179,2
2;2;Rede Municipal;6;Região Metropolitana de Ribeirão Preto;2º Ano EF;1;MANHÃ;2;MATEMÁTICA;173,9
2;2;Rede Municipal;6;Região Metropolitana de Ribeirão Preto;2º Ano EF;2;TARDE;1;LÍNGUA PORTUGUESA;169,8
2;2;Rede Municipal;6;Região Metropolitana de Ribeirão Preto;2º Ano EF;2;TARDE;2;MATEMÁTICA;166
2;2;Rede Municipal;6;Região Metropolitana de Ribeirão Preto;2º Ano EF;9;GERAL;1;LÍNGUA PORTUGUESA;174,8
2;2;Rede Municipal;6;Região Metropolitana de Ribeirão Preto;2º Ano EF;9;GERAL;2;MATEMÁTICA;170,3
2;2;Rede Municipal;6;Região Metropolitana de Ribeirão Preto;5º Ano EF;1;MANHÃ;1;LÍNGUA PORTUGUESA;198,6
2;2;Rede Municipal;6;Região Metropolitana de Ribeirão Preto;5º Ano EF;1;MANHÃ;2;MATEMÁTICA;213,3
2;2;Rede Municipal;6;Região Metropolitana de Ribeirão Preto;5º Ano EF;2;TARDE;1;LÍNGUA PORTUGUESA;191,2
2;2;Rede Municipal;6;Região Metropolitana de Ribeirão Preto;5º Ano EF;2;TARDE;2;MATEMÁTICA;205,6
2;2;Rede Municipal;6;Região Metropolitana de Ribeirão Preto;5º Ano EF;9;GERAL;1;LÍNGUA PORTUGUESA;195,7
2;2;Rede Municipal;6;Região Metropolitana de Ribeirão Preto;5º Ano EF;9;GERAL;2;MATEMÁTICA;210,3
2;2;Rede Municipal;6;Região Metropolitana de Ribeirão Preto;9º Ano EF;1;MANHÃ;1;LÍNGUA PORTUGUESA;239,9
2;2;Rede Municipal;6;Região Metropolitana de Ribeirão Preto;9º Ano EF;1;MANHÃ;2;MATEMÁTICA;249,7
2;2;Rede Municipal;6;Região Metropolitana de Ribeirão Preto;9º Ano EF;2;TARDE;1;LÍNGUA PORTUGUESA;227,2
2;2;Rede Municipal;6;Região Metropolitana de Ribeirão Preto;9º Ano EF;2;TARDE;2;MATEMÁTICA;235,8
2;2;Rede Municipal;6;Região Metropolitana de Ribeirão Preto;9º Ano EF;9;GERAL;1;LÍNGUA PORTUGUESA;234
2;2;Rede Municipal;6;Região Metropolitana de Ribeirão Preto;9º Ano EF;9;GERAL;2;MATEMÁTICA;243,2
2;2;Rede Municipal;7;Região Metropolitana de Sorocaba;2º Ano EF;1;MANHÃ;1;LÍNGUA PORTUGUESA;172,2
2;2;Rede Municipal;7;Região Metropolitana de Sorocaba;2º Ano EF;1;MANHÃ;2;MATEMÁTICA;164,7
2;2;Rede Municipal;7;Região Metropolitana de Sorocaba;2º Ano EF;2;TARDE;1;LÍNGUA PORTUGUESA;172,6
2;2;Rede Municipal;7;Região Metropolitana de Sorocaba;2º Ano EF;2;TARDE;2;MATEMÁTICA;167
2;2;Rede Municipal;7;Região Metropolitana de Sorocaba;2º Ano EF;9;GERAL;1;LÍNGUA PORTUGUESA;172,4
2;2;Rede Municipal;7;Região Metropolitana de Sorocaba;2º Ano EF;9;GERAL;2;MATEMÁTICA;166,2
2;2;Rede Municipal;7;Região Metropolitana de Sorocaba;5º Ano EF;1;MANHÃ;1;LÍNGUA PORTUGUESA;199,4
2;2;Rede Municipal;7;Região Metropolitana de Sorocaba;5º Ano EF;1;MANHÃ;2;MATEMÁTICA;212,1
2;2;Rede Municipal;7;Região Metropolitana de Sorocaba;5º Ano EF;2;TARDE;1;LÍNGUA PORTUGUESA;200,3
2;2;Rede Municipal;7;Região Metropolitana de Sorocaba;5º Ano EF;2;TARDE;2;MATEMÁTICA;212,3
2;2;Rede Municipal;7;Região Metropolitana de Sorocaba;5º Ano EF;9;GERAL;1;LÍNGUA PORTUGUESA;199,7
2;2;Rede Municipal;7;Região Metropolitana de Sorocaba;5º Ano EF;9;GERAL;2;MATEMÁTICA;212,2
2;2;Rede Municipal;7;Região Metropolitana de Sorocaba;9º Ano EF;1;MANHÃ;1;LÍNGUA PORTUGUESA;0
2;2;Rede Municipal;7;Região Metropolitana de Sorocaba;9º Ano EF;1;MANHÃ;2;MATEMÁTICA;0
2;2;Rede Municipal;7;Região Metropolitana de Sorocaba;9º Ano EF;2;TARDE;1;LÍNGUA PORTUGUESA;236,5
2;2;Rede Municipal;7;Região Metropolitana de Sorocaba;9º Ano EF;2;TARDE;2;MATEMÁTICA;254,8
2;2;Rede Municipal;7;Região Metropolitana de Sorocaba;9º Ano EF;9;GERAL;1;LÍNGUA PORTUGUESA;236,5
2;2;Rede Municipal;7;Região Metropolitana de Sorocaba;9º Ano EF;9;GERAL;2;MATEMÁTICA;254,8
2;2;Rede Municipal;9;ESTADO;2º Ano EF;1;MANHÃ;1;LÍNGUA PORTUGUESA;172,6
2;2;Rede Municipal;9;ESTADO;2º Ano EF;1;MANHÃ;2;MATEMÁTICA;166,9
2;2;Rede Municipal;9;ESTADO;2º Ano EF;2;TARDE;1;LÍNGUA PORTUGUESA;170
2;2;Rede Municipal;9;ESTADO;2º Ano EF;2;TARDE;2;MATEMÁTICA;163,8
2;2;Rede Municipal;9;ESTADO;2º Ano EF;9;GERAL;1;LÍNGUA PORTUGUESA;171,1
2;2;Rede Municipal;9;ESTADO;2º Ano EF;9;GERAL;2;MATEMÁTICA;165,1
2;2;Rede Municipal;9;ESTADO;5º Ano EF;1;MANHÃ;1;LÍNGUA PORTUGUESA;200,2
2;2;Rede Municipal;9;ESTADO;5º Ano EF;1;MANHÃ;2;MATEMÁTICA;214,1
2;2;Rede Municipal;9;ESTADO;5º Ano EF;2;TARDE;1;LÍNGUA PORTUGUESA;199,4
2;2;Rede Municipal;9;ESTADO;5º Ano EF;2;TARDE;2;MATEMÁTICA;213,1
2;2;Rede Municipal;9;ESTADO;5º Ano EF;9;GERAL;1;LÍNGUA PORTUGUESA;199,9
2;2;Rede Municipal;9;ESTADO;5º Ano EF;9;GERAL;2;MATEMÁTICA;213,7
2;2;Rede Municipal;9;ESTADO;9º Ano EF;1;MANHÃ;1;LÍNGUA PORTUGUESA;244,7
2;2;Rede Municipal;9;ESTADO;9º Ano EF;1;MANHÃ;2;MATEMÁTICA;257
2;2;Rede Municipal;9;ESTADO;9º Ano EF;2;TARDE;1;LÍNGUA PORTUGUESA;234,9
2;2;Rede Municipal;9;ESTADO;9º Ano EF;2;TARDE;2;MATEMÁTICA;246
2;2;Rede Municipal;9;ESTADO;9º Ano EF;3;NOITE;1;LÍNGUA PORTUGUESA;0
2;2;Rede Municipal;9;ESTADO;9º Ano EF;3;NOITE;2;MATEMÁTICA;0
2;2;Rede Municipal;9;ESTADO;9º Ano EF;9;GERAL;1;LÍNGUA PORTUGUESA;243,2
2;2;Rede Municipal;9;ESTADO;9º Ano EF;9;GERAL;2;MATEMÁTICA;255,3
